Skill,Skill Group
Analytics,Analytics
Business Intelligence,Analytics
Data Analysis,Analytics
Google Analytics,Analytics
Marketing Analytics,Analytics
Brand Development,Branding
Brand Marketing,Branding
Brand Positioning,Branding
Brand Strategy,Branding
Employer Branding,Branding
Content Management,Content & Communications
Content Marketing,Content & Communications
Content Production,Content & Communications
Content Strategy,Content & Communications
Copy Editing,Content & Communications
Creative Content Creation,Content & Communications
Creative Writing,Content & Communications
Marketing Communications,Content & Communications
Press Releases,Content & Communications
Press Strategy,Content & Communications
Product Launch,Content & Communications
Proposal Writing,Content & Communications
Public Relations (PR),Content & Communications
User Generated Content,Content & Communications
Ad Design,Design & Creative
Animated Video Production,Design & Creative
Brand Design,Design & Creative
Content Design,Design & Creative
Corporate Videos,Design & Creative
Email Design,Design & Creative
Front-End Web Development,Design & Creative
Graphic Design,Design & Creative
Illustration,Design & Creative
Landing Page Development,Design & Creative
Landing Page Optimization,Design & Creative
Logo Design,Design & Creative
Marketing Design,Design & Creative
Motion Design,Design & Creative
Product Design,Design & Creative
Shopify,Design & Creative
Survey Design,Design & Creative
User Experience Design,Design & Creative
Video Advertising,Design & Creative
Video Editing,Design & Creative
Video Marketing,Design & Creative
Video Production,Design & Creative
Web Design,Design & Creative
Web Development,Design & Creative
Webflow,Design & Creative
Website Branding,Design & Creative
Wordpress,Design & Creative
Account Based Marketing,Digital Marketing
Affiliate Marketing,Digital Marketing
Attribution,Digital Marketing
Community Marketing,Digital Marketing
Conversion Rate Optimisation (CRO),Digital Marketing
CRM (Customer Relationship Management),Digital Marketing
Customer Relationship Management (CRM),Digital Marketing
Customer Retention,Digital Marketing
Digital Media,Digital Marketing
Digital Strategy,Digital Marketing
E-Commerce Development,Digital Marketing
E-Commerce Marketing,Digital Marketing
Eloqua,Digital Marketing
Email Marketing,Digital Marketing
HubSpot,Digital Marketing
Inbound Marketing,Digital Marketing
Influencer Marketing,Digital Marketing
Kickstarter,Digital Marketing
Magento,Digital Marketing
MailChimp,Digital Marketing
Market Analysis,Digital Marketing
Marketing Operations,Digital Marketing
Marketing Plan Creation,Digital Marketing
Marketo,Digital Marketing
Media Marketing,Digital Marketing
Microsoft Dynamics,Digital Marketing
Mobile Marketing,Digital Marketing
Pardot,Digital Marketing
Partnership Marketing,Digital Marketing
Power BI,Digital Marketing
Reputation Marketing,Digital Marketing
Retargeting,Digital Marketing
Salesforce,Digital Marketing
SharpSpring,Digital Marketing
Tableau,Digital Marketing
Technical Marketing,Digital Marketing
YouTube,Digital Marketing
Zoho,Digital Marketing
Event Marketing,Events
Event Planning,Events
A/B Testing,Growth Marketing
Demand Generation,Growth Marketing
Growth Hacking,Growth Marketing
Growth Marketing,Growth Marketing
Marketing Automation,Growth Marketing
Organic Growth Strategies,Growth Marketing
Sales Automation,Growth Marketing
Campaign Strategy Development,Marketing Strategy
Creative Strategy,Marketing Strategy
Go-to-market Strategy,Marketing Strategy
Lead Generation,Marketing Strategy
Marketing Strategy,Marketing Strategy
Media Production,Marketing Strategy
Media Strategy,Marketing Strategy
Offline Marketing,Marketing Strategy
Strategic Marketing,Marketing Strategy
Viral Marketing,Marketing Strategy
Link Building,Organic Acquisition
Search Engine Optimization (SEO),Organic Acquisition
Search Engine Optimization (SEO) Copywriting,Organic Acquisition
Technical Search Engine Optimization (SEO),Organic Acquisition
Acquisition Marketing,Paid Advertising
Ad Tech,Paid Advertising
Amazon Advertising,Paid Advertising
Amazon Marketing,Paid Advertising
App Marketing,Paid Advertising
App Store Optimization,Paid Advertising
Bing Ads,Paid Advertising
Customer Acquisition,Paid Advertising
Display Advertising,Paid Advertising
Facebook Advertising,Paid Advertising
Google Ads,Paid Advertising
Instagram Advertising,Paid Advertising
LinkedIn Advertising,Paid Advertising
LinkedIn Strategy,Paid Advertising
Media Buying,Paid Advertising
Media Planning,Paid Advertising
Paid Search,Paid Advertising
Pay-Per-Click (PPC),Paid Advertising
Performance Marketing,Paid Advertising
Pinterest Marketing,Paid Advertising
Quora Advertising,Paid Advertising
Remarketing,Paid Advertising
Search Engine Marketing (SEM),Paid Advertising
Social Advertising,Paid Advertising
Social Media,Paid Advertising
Spotify Advertising,Paid Advertising
Targeted Advertising,Paid Advertising
Twitter Advertising,Paid Advertising
User Acquisition,Paid Advertising
Yelp Marketing,Paid Advertising
Copywriting,Product Marketing
Product Marketing,Product Marketing
Sales Copywriting,Product Marketing
Storytelling,Product Marketing
UX Copywriting,Product Marketing
Customer Research,Research
Market Research,Research
Qualitative Research,Research
Quantitative Research,Research
User Research,Research
Analytics,Digital Marketing
Business Intelligence,Digital Marketing
Data Analysis,Digital Marketing
Google Analytics,Digital Marketing
Marketing Analytics,Digital Marketing
A/B Testing,Digital Marketing
Demand Generation,Digital Marketing
Growth Hacking,Digital Marketing
Growth Marketing,Digital Marketing
Marketing Automation,Digital Marketing
Organic Growth Strategies,Digital Marketing
Sales Automation,Digital Marketing
Link Building,Digital Marketing
Search Engine Optimization (SEO),Digital Marketing
Search Engine Optimization (SEO) Copywriting,Digital Marketing
Technical Search Engine Optimization (SEO),Digital Marketing
Acquisition Marketing,Digital Marketing
Ad Tech,Digital Marketing
Amazon Advertising,Digital Marketing
Amazon Marketing,Digital Marketing
App Marketing,Digital Marketing
App Store Optimization,Digital Marketing
Bing Ads,Digital Marketing
Customer Acquisition,Digital Marketing
Display Advertising,Digital Marketing
Facebook Advertising,Digital Marketing
Google Ads,Digital Marketing
Instagram Advertising,Digital Marketing
LinkedIn Advertising,Digital Marketing
LinkedIn Strategy,Digital Marketing
Media Buying,Digital Marketing
Media Planning,Digital Marketing
Paid Search,Digital Marketing
Pay-Per-Click (PPC),Digital Marketing
Performance Marketing,Digital Marketing
Pinterest Marketing,Digital Marketing
Quora Advertising,Digital Marketing
Remarketing,Digital Marketing
Search Engine Marketing (SEM),Digital Marketing
Social Advertising,Digital Marketing
Social Media,Digital Marketing
Spotify Advertising,Digital Marketing
Targeted Advertising,Digital Marketing
Twitter Advertising,Digital Marketing
User Acquisition,Digital Marketing
Yelp Marketing,Digital Marketing
Copywriting,Marketing Strategy
Product Marketing,Marketing Strategy
Sales Copywriting,Marketing Strategy
Storytelling,Marketing Strategy
UX Copywriting,Marketing Strategy